{
    "id": "62217044-a409-4bb6-bbac-6b45623ed8ad",
    "created": 1726132199841,
    "license": "MIT",
    "authorName": "cristianvogel",
    "changelog": [
        {
            "message": "op created",
            "type": "new op",
            "author": "cristianvogel",
            "date": 1726132199883
        },
        {
            "message": "Ops.Patch.PW10J0o.SubPatch0 renamed to Ops.Patch.PW10J0o.DisengageFlag",
            "type": "rename",
            "author": "cristianvogel",
            "date": 1726132243932
        },
        {
            "message": "Ops.Patch.PW10J0o.DisengageFlag renamed to Ops.Patch.P4Zknbo.DisengageFlag2",
            "type": "rename",
            "author": "cristianvogel",
            "date": 1726162362270
        }
    ],
    "coreLibs": [
        "subpatchop"
    ],
    "layout": {
        "portsIn": [
            {
                "type": 0,
                "name": "jqg7l6f5m",
                "uititle": "Boolean",
                "subType": "boolean"
            }
        ],
        "portsOut": []
    }
}
