{
    "id": "e7b5e668-7bb2-4224-9c2f-46015ba41497",
    "changelog": [
        {
            "message": "created op",
            "author": "pandur",
            "date": 1599663936812
        },
        {
            "message": "Fix problems with positioning when using forceCanvasSize",
            "type": "bugfix",
            "author": "pandur",
            "date": 1712913031408
        },
        {
            "message": "op created",
            "type": "new op",
            "author": "cristianvogel",
            "date": 1725986576293
        },
        {
            "message": "Ops.Patch.PDUHsZn.InteractiveRectangle_v2 renamed to Ops.Patch.PW10J0o.InteractiveRectangle_v22",
            "type": "rename",
            "author": "cristianvogel",
            "date": 1726004983569
        },
        {
            "message": "Ops.Patch.PW10J0o.InteractiveRectangle_v22 renamed to Ops.Patch.P4Zknbo.InteractiveRectangle_v22",
            "type": "rename",
            "author": "cristianvogel",
            "date": 1726162360064
        }
    ],
    "authorName": "cristianvogel",
    "created": 1725986576293,
    "layout": {
        "portsIn": [
            {
                "type": 1,
                "name": "Trigger in"
            },
            {
                "type": 0,
                "name": "Width",
                "subType": "number"
            },
            {
                "type": 0,
                "name": "Height",
                "subType": "number"
            },
            {
                "type": 5,
                "name": "ID"
            },
            {
                "type": 5,
                "name": "Class"
            },
            {
                "type": 0,
                "name": "Pivot x index",
                "subType": "integer"
            },
            {
                "type": 0,
                "name": "Pivot y index",
                "subType": "integer"
            },
            {
                "type": 0,
                "name": "Axis index",
                "subType": "integer"
            },
            {
                "type": 0,
                "name": "Is Interactive",
                "subType": "boolean"
            },
            {
                "type": 0,
                "name": "Render Rectangle",
                "subType": "boolean"
            },
            {
                "type": 0,
                "name": "Show Boundings",
                "subType": "boolean"
            },
            {
                "type": 0,
                "name": "Cursor index",
                "subType": "integer"
            },
            {
                "type": 0,
                "name": "Render",
                "uititle": "Active",
                "subType": "boolean"
            }
        ],
        "portsOut": [
            {
                "type": 1,
                "name": "Trigger out"
            },
            {
                "type": 2,
                "name": "geometry"
            },
            {
                "type": 0,
                "name": "Pointer Hover",
                "subType": "boolean"
            },
            {
                "type": 0,
                "name": "Pointer Down",
                "subType": "boolean"
            },
            {
                "type": 0,
                "name": "Pointer X",
                "subType": "number"
            },
            {
                "type": 0,
                "name": "Pointer Y",
                "subType": "number"
            },
            {
                "type": 0,
                "name": "Top",
                "subType": "number"
            },
            {
                "type": 0,
                "name": "Left",
                "subType": "number"
            },
            {
                "type": 0,
                "name": "Right",
                "subType": "number"
            },
            {
                "type": 0,
                "name": "Bottom",
                "subType": "number"
            },
            {
                "type": 1,
                "name": "Left Click"
            },
            {
                "type": 2,
                "name": "Dom Element"
            }
        ]
    },
    "summary": "An area which is interactive",
    "issues": "",
    "docs": {
        "ports": []
    }
}
