{
    "id": "a69c9b2a-f8c4-4806-aacb-2033c1fd98d0",
    "created": 1725988219291,
    "license": "MIT",
    "authorName": "cristianvogel",
    "changelog": [
        {
            "message": "op created",
            "type": "new op",
            "author": "cristianvogel",
            "date": 1723729020848
        },
        {
            "message": "Ops.Patch.PFwMGwl.SubPatch0 renamed to Ops.Patch.PunvHvl.SubPatch0",
            "type": "rename",
            "author": "cristianvogel",
            "date": 1723729169338
        },
        {
            "message": "op created",
            "type": "new op",
            "author": "cristianvogel",
            "date": 1723802362810
        },
        {
            "message": "Ops.Patch.PunvHvl.BasicSlider_v2 renamed to Ops.Patch.P8zbhDl.BasicSlider_v2",
            "type": "rename",
            "author": "cristianvogel",
            "date": 1723826232754
        },
        {
            "message": "Ops.Patch.P8zbhDl.BasicSlider_v2 renamed to Ops.Patch.PmhkN4m.BasicSlider_v2",
            "type": "rename",
            "author": "cristianvogel",
            "date": 1724232853627
        },
        {
            "message": "Ops.Patch.PmhkN4m.BasicSlider_v3 renamed to Ops.Patch.PD8qfbm.BasicSlider_v3",
            "type": "rename",
            "author": "cristianvogel",
            "date": 1724328207940
        },
        {
            "message": "Ops.Patch.PD8qfbm.BasicSlider_v3 renamed to Ops.Patch.PuSSdim.BasicSlider_v3",
            "type": "rename",
            "author": "cristianvogel",
            "date": 1724431275311
        },
        {
            "message": "Ops.Patch.PuSSdim.BasicSlider_v4 renamed to Ops.Patch.PGcsYsm.BasicSlider_v4",
            "type": "rename",
            "author": "cristianvogel",
            "date": 1724590139021
        },
        {
            "message": "Ops.Patch.PGcsYsm.BasicSlider_v4 renamed to Ops.Patch.PZ51fXm.BasicSlider_v4",
            "type": "rename",
            "author": "cristianvogel",
            "date": 1725037375568
        },
        {
            "message": "Ops.Patch.PZ51fXm.BasicSlider_v4 renamed to Ops.Patch.PAIoPfn.BasicSlider_v4",
            "type": "rename",
            "author": "cristianvogel",
            "date": 1725312020636
        },
        {
            "message": "Ops.Patch.PAIoPfn.BasicSlider_v4 renamed to Ops.Patch.P9S6hjn.BasicSlider_v4",
            "type": "rename",
            "author": "cristianvogel",
            "date": 1725362954842
        },
        {
            "message": "Ops.Patch.P9S6hjn.BasicSlider_v4 renamed to Ops.Patch.Per7Sun.BasicSlider_v4",
            "type": "rename",
            "author": "cristianvogel",
            "date": 1725534314909
        },
        {
            "message": "Ops.Patch.Per7Sun.BasicSlider_v4 renamed to Ops.Patch.PbnNcNn.BasicSlider_v4",
            "type": "rename",
            "author": "cristianvogel",
            "date": 1725805215659
        },
        {
            "message": "Ops.Patch.PbnNcNn.BasicSlider_v4 renamed to Ops.Patch.PU070On.BasicSlider_v4",
            "type": "rename",
            "author": "cristianvogel",
            "date": 1725816969149
        },
        {
            "message": "Ops.Patch.PU070On.BasicSlider_v4 renamed to Ops.Patch.PoS7dRn.BasicSlider_v4",
            "type": "rename",
            "author": "cristianvogel",
            "date": 1725864399934
        },
        {
            "message": "Ops.Patch.PoS7dRn.BasicSlider_v4 renamed to Ops.Patch.P4oPpSn.BasicSlider_v4",
            "type": "rename",
            "author": "cristianvogel",
            "date": 1725882202286
        },
        {
            "message": "Ops.Patch.P4oPpSn.BasicSlider_v4 renamed to Ops.Patch.PDUHsZn.BasicSlider_v4",
            "type": "rename",
            "author": "cristianvogel",
            "date": 1725986323385
        },
        {
            "message": "Ops.Patch.PDUHsZn.BasicSlider_v5 renamed to Ops.Patch.PW10J0o.BasicSlider_v5",
            "type": "rename",
            "author": "cristianvogel",
            "date": 1726004985820
        },
        {
            "message": "Ops.Patch.PW10J0o.BasicSlider_v5 renamed to Ops.Patch.P4Zknbo.BasicSlider_v5",
            "type": "rename",
            "author": "cristianvogel",
            "date": 1726162362615
        }
    ],
    "coreLibs": [
        "subpatchop"
    ],
    "layout": {
        "portsIn": [
            {
                "type": 1,
                "name": "blls2amps",
                "uititle": "Trigger in"
            },
            {
                "type": 5,
                "name": "btagbs7z2",
                "uititle": "Class"
            },
            {
                "type": 0,
                "name": "lj06d561p",
                "uititle": "Show Boundings",
                "subType": "boolean"
            }
        ],
        "portsOut": [
            {
                "type": 0,
                "name": "nti406vwi",
                "uititle": "Result",
                "subType": "number"
            },
            {
                "type": 0,
                "name": "gjvx0zyv5",
                "uititle": "value",
                "subType": "number"
            }
        ]
    }
}
