{
    "id": "1c3fce61-0bf7-4529-ae5d-a824f66041c1",
    "created": 1725865818199,
    "license": "MIT",
    "authorName": "cristianvogel",
    "changelog": [
        {
            "message": "op created",
            "type": "new op",
            "author": "pandur",
            "date": 1723564156100
        },
        {
            "message": "op created",
            "type": "new op",
            "author": "cristianvogel",
            "date": 1725865818200
        },
        {
            "message": "Ops.Patch.PoS7dRn.Element renamed to Ops.Patch.P4oPpSn.Element",
            "type": "rename",
            "author": "cristianvogel",
            "date": 1725882202399
        },
        {
            "message": "Ops.Patch.P4oPpSn.Element renamed to Ops.Patch.PDUHsZn.Element",
            "type": "rename",
            "author": "cristianvogel",
            "date": 1725986323550
        },
        {
            "message": "Ops.Patch.PDUHsZn.Element renamed to Ops.Patch.PW10J0o.Element",
            "type": "rename",
            "author": "cristianvogel",
            "date": 1726004985978
        },
        {
            "message": "Ops.Patch.PW10J0o.Element renamed to Ops.Patch.P4Zknbo.Element",
            "type": "rename",
            "author": "cristianvogel",
            "date": 1726162362746
        }
    ],
    "layout": {
        "portsIn": [
            {
                "type": 5,
                "name": "Text"
            },
            {
                "type": 0,
                "name": "Position index",
                "values": [
                    "Absolute",
                    "Static",
                    "Relative",
                    "Fixed"
                ],
                "subType": "integer"
            },
            {
                "type": 0,
                "name": "Interactive",
                "subType": "boolean"
            },
            {
                "type": 0,
                "name": "Set Size",
                "group": "Area",
                "subType": "boolean"
            },
            {
                "type": 0,
                "name": "Width",
                "group": "Area",
                "subType": "number"
            },
            {
                "type": 0,
                "name": "Height",
                "group": "Area",
                "subType": "number"
            },
            {
                "type": 0,
                "name": "Overflow index",
                "values": [
                    "Visible",
                    "Hidden",
                    "Scroll",
                    "Auto"
                ],
                "group": "Area",
                "subType": "integer"
            },
            {
                "type": 5,
                "name": "Inline Style",
                "group": "CSS"
            },
            {
                "type": 5,
                "name": "CSS Class",
                "group": "CSS"
            },
            {
                "type": 5,
                "name": "Disable CSS Props",
                "group": "CSS"
            },
            {
                "type": 0,
                "name": "Display index",
                "subType": "integer"
            },
            {
                "type": 0,
                "name": "Opacity",
                "subType": "number"
            },
            {
                "type": 0,
                "name": "Propagate Click-Events",
                "subType": "boolean"
            }
        ],
        "portsOut": [
            {
                "type": 2,
                "name": "DOM Element",
                "objType": "element"
            },
            {
                "type": 0,
                "name": "Hovering",
                "subType": "boolean"
            },
            {
                "type": 1,
                "name": "Clicked"
            }
        ]
    },
    "summary": "A more convinient version of div element op, that can be used for creating html without writing much css code",
    "docs": {
        "ports": []
    }
}
