{
    "id": "d6f57134-d5ce-4192-a435-25e9ee14a19d",
    "created": 1725864483206,
    "license": "MIT",
    "authorName": "cristianvogel",
    "changelog": [
        {
            "message": "op created",
            "type": "new op",
            "author": "cristianvogel",
            "date": 1725864483256
        },
        {
            "message": "Ops.Patch.PoS7dRn.SubPatch0 renamed to Ops.Patch.PoS7dRn.UI_Position",
            "type": "rename",
            "author": "cristianvogel",
            "date": 1725864524028
        },
        {
            "message": "Ops.Patch.PoS7dRn.UI_Position renamed to Ops.Patch.P4oPpSn.UI_Position",
            "type": "rename",
            "author": "cristianvogel",
            "date": 1725882204150
        },
        {
            "message": "Ops.Patch.P4oPpSn.UI_Position renamed to Ops.Patch.PDUHsZn.UI_Position",
            "type": "rename",
            "author": "cristianvogel",
            "date": 1725986324780
        },
        {
            "message": "Ops.Patch.PDUHsZn.UI_Position renamed to Ops.Patch.PW10J0o.UI_Position",
            "type": "rename",
            "author": "cristianvogel",
            "date": 1726004983232
        },
        {
            "message": "Ops.Patch.PW10J0o.UI_Position renamed to Ops.Patch.P4Zknbo.UI_Position",
            "type": "rename",
            "author": "cristianvogel",
            "date": 1726162359711
        }
    ],
    "coreLibs": [
        "subpatchop"
    ],
    "layout": {
        "portsIn": [],
        "portsOut": []
    }
}
