{
    "id": "8b905906-ea16-42d7-b77c-c5685e063a36",
    "created": 1724920593059,
    "license": "MIT",
    "authorName": "cristianvogel",
    "changelog": [
        {
            "message": "op created",
            "type": "new op",
            "author": "cristianvogel",
            "date": 1724784258079
        },
        {
            "message": "Ops.Patch.PwRsgFm.SrvbValuesToArray renamed to Ops.Patch.PdAQOLm.SrvbValuesToArray",
            "type": "rename",
            "author": "cristianvogel",
            "date": 1724868600083
        },
        {
            "message": "Ops.Patch.PdAQOLm.SrvbValuesToArray renamed to Ops.Patch.Pfc1jPm.SrvbValuesToArray",
            "type": "rename",
            "author": "cristianvogel",
            "date": 1724920119589
        },
        {
            "message": "op created",
            "type": "new op",
            "author": "cristianvogel",
            "date": 1724920593060
        },
        {
            "message": "Ops.Patch.Pfc1jPm.ArrayOfSrvbValuesFromMap renamed to Ops.Patch.PVC2tSm.ArrayOfSrvbValuesFromMap",
            "type": "rename",
            "author": "cristianvogel",
            "date": 1724966839280
        },
        {
            "message": "Ops.Patch.PVC2tSm.ArrayOfSrvbValuesFromMap renamed to Ops.Patch.PQs4yVm.ArrayOfSrvbValuesFromMap",
            "type": "rename",
            "author": "cristianvogel",
            "date": 1725012366855
        },
        {
            "message": "Ops.Patch.PQs4yVm.ArrayOfSrvbValuesFromMap renamed to Ops.Patch.PZ51fXm.ArrayOfSrvbValuesFromMap",
            "type": "rename",
            "author": "cristianvogel",
            "date": 1725100146484
        },
        {
            "message": "Ops.Patch.PZ51fXm.ArrayOfSrvbValuesFromMap renamed to Ops.Patch.PAIoPfn.ArrayOfSrvbValuesFromMap",
            "type": "rename",
            "author": "cristianvogel",
            "date": 1725312021615
        },
        {
            "message": "Ops.Patch.PAIoPfn.ArrayOfSrvbValuesFromMap renamed to Ops.Patch.P9S6hjn.ArrayOfSrvbValuesFromMap",
            "type": "rename",
            "author": "cristianvogel",
            "date": 1725362955909
        },
        {
            "message": "Ops.Patch.P9S6hjn.ArrayOfSrvbValuesFromMap renamed to Ops.Patch.Per7Sun.ArrayOfSrvbValuesFromMap",
            "type": "rename",
            "author": "cristianvogel",
            "date": 1725534315177
        },
        {
            "message": "Ops.Patch.Per7Sun.ArrayOfSrvbValuesFromMap renamed to Ops.Patch.PbnNcNn.ArrayOfSrvbValuesFromMap",
            "type": "rename",
            "author": "cristianvogel",
            "date": 1725805215918
        },
        {
            "message": "Ops.Patch.PbnNcNn.ArrayOfSrvbValuesFromMap renamed to Ops.Patch.PU070On.ArrayOfSrvbValuesFromMap",
            "type": "rename",
            "author": "cristianvogel",
            "date": 1725816969343
        },
        {
            "message": "Ops.Patch.PU070On.ArrayOfSrvbValuesFromMap renamed to Ops.Patch.PoS7dRn.ArrayOfSrvbValuesFromMap",
            "type": "rename",
            "author": "cristianvogel",
            "date": 1725864400228
        },
        {
            "message": "Ops.Patch.PoS7dRn.ArrayOfSrvbValuesFromMap renamed to Ops.Patch.P4oPpSn.ArrayOfSrvbValuesFromMap",
            "type": "rename",
            "author": "cristianvogel",
            "date": 1725882202619
        },
        {
            "message": "Ops.Patch.P4oPpSn.ArrayOfSrvbValuesFromMap renamed to Ops.Patch.PDUHsZn.ArrayOfSrvbValuesFromMap",
            "type": "rename",
            "author": "cristianvogel",
            "date": 1725986323736
        },
        {
            "message": "Ops.Patch.PDUHsZn.ArrayOfSrvbValuesFromMap renamed to Ops.Patch.PW10J0o.ArrayOfSrvbValuesFromMap",
            "type": "rename",
            "author": "cristianvogel",
            "date": 1726004982529
        },
        {
            "message": "Ops.Patch.PW10J0o.ArrayOfSrvbValuesFromMap renamed to Ops.Patch.P4Zknbo.ArrayOfSrvbValuesFromMap",
            "type": "rename",
            "author": "cristianvogel",
            "date": 1726162358973
        }
    ],
    "layout": {
        "portsIn": [
            {
                "type": 2,
                "name": "Object"
            }
        ],
        "portsOut": [
            {
                "type": 3,
                "name": "Result"
            }
        ]
    }
}
