{
    "id": "1823f416-5296-44c1-8caa-2f435da23cd6",
    "changelog": [
        {
            "message": "created op",
            "author": "andro",
            "date": 1561449100201
        },
        {
            "message": "Ops.Array.AverageInterpolationArray renamed to Ops.Array.SmoothArray",
            "author": "pandur",
            "date": 1562580268917
        },
        {
            "message": "Now updates parameter names depending on selected mode",
            "author": "andro",
            "date": 1565014751787
        },
        {
            "message": "cloned op from Ops.Array.SmoothArray",
            "author": "cristianvogel",
            "date": 1708019344945
        },
        {
            "message": "Ops.Patch.PQiXwn4.LofiSmoothArray renamed to Ops.User.cristianvogel.LofiSmoothArray",
            "type": "rename",
            "author": "cristianvogel",
            "date": 1708019567572
        }
    ],
    "authorName": "cristianvogel",
    "created": 1708019344944,
    "layout": {
        "portsIn": [
            {
                "type": "1",
                "name": "Execute"
            },
            {
                "type": "3",
                "name": "Array In"
            },
            {
                "type": "0",
                "name": "Separate inc/dec",
                "subType": "boolean"
            },
            {
                "type": "0",
                "name": "Inc factor",
                "uititle": "Inc/Dec factor",
                "subType": "number"
            },
            {
                "type": "0",
                "name": "Dec factor",
                "subType": "number"
            }
        ],
        "portsOut": [
            {
                "type": "1",
                "name": "Next"
            },
            {
                "type": "3",
                "name": "Array Out"
            }
        ]
    },
    "summary": "Smooths out changes in values of an array, but stops at 1.0e-5",
    "issues": "",
    "docs": {
        "ports": [
            {
                "name": "Array In",
                "text": "The array to interpolate"
            },
            {
                "name": "Next",
                "text": "Trigger out"
            },
            {
                "name": "Array Out",
                "text": "Interpolated array"
            }
        ]
    }
}
