{
    "id": "5d0484a6-6c40-4389-b817-d064b1bc441b",
    "created": 1725891414980,
    "license": "MIT",
    "authorName": "cristianvogel",
    "changelog": [
        {
            "message": "op created",
            "type": "new op",
            "author": "cristianvogel",
            "date": 1725891415017
        },
        {
            "message": "Ops.Patch.P4oPpSn.SubPatch0 renamed to Ops.Patch.P4oPpSn.UI_Bypassers",
            "type": "rename",
            "author": "cristianvogel",
            "date": 1725891455475
        },
        {
            "message": "Ops.Patch.P4oPpSn.UI_Bypassers renamed to Ops.Patch.PDUHsZn.UI_Bypassers",
            "type": "rename",
            "author": "cristianvogel",
            "date": 1725986326597
        },
        {
            "message": "Ops.Patch.PDUHsZn.UI_Bypassers renamed to Ops.Patch.PW10J0o.UI_Bypassers",
            "type": "rename",
            "author": "cristianvogel",
            "date": 1726004985377
        },
        {
            "message": "Ops.Patch.PW10J0o.UI_Bypassers renamed to Ops.Patch.P4Zknbo.UI_Bypassers",
            "type": "rename",
            "author": "cristianvogel",
            "date": 1726162361919
        }
    ],
    "coreLibs": [
        "subpatchop"
    ],
    "layout": {
        "portsIn": [],
        "portsOut": []
    }
}
